-- MySQL dump 10.13  Distrib 5.7.29, for Win64 (x86_64)
--
-- Host: localhost    Database: opengovf
-- ------------------------------------------------------
-- Server version	5.7.29-log

/*!40101 SET @OLD_CHARACTER_SET_CLIENT=@@CHARACTER_SET_CLIENT */;
/*!40101 SET @OLD_CHARACTER_SET_RESULTS=@@CHARACTER_SET_RESULTS */;
/*!40101 SET @OLD_COLLATION_CONNECTION=@@COLLATION_CONNECTION */;
/*!40101 SET NAMES utf8 */;
/*!40103 SET @OLD_TIME_ZONE=@@TIME_ZONE */;
/*!40103 SET TIME_ZONE='+00:00' */;
/*!40014 SET @OLD_UNIQUE_CHECKS=@@UNIQUE_CHECKS, UNIQUE_CHECKS=0 */;
/*!40014 SET @OLD_FOREIGN_KEY_CHECKS=@@FOREIGN_KEY_CHECKS, FOREIGN_KEY_CHECKS=0 */;
/*!40101 SET @OLD_SQL_MODE=@@SQL_MODE, SQL_MODE='NO_AUTO_VALUE_ON_ZERO' */;
/*!40111 SET @OLD_SQL_NOTES=@@SQL_NOTES, SQL_NOTES=0 */;

--
-- Table structure for table `aso_idx_tbl`
--

DROP TABLE IF EXISTS `aso_idx_tbl`;
/*!40101 SET @saved_cs_client     = @@character_set_client */;
/*!40101 SET character_set_client = utf8 */;
CREATE TABLE `aso_idx_tbl` (
  `idx_id` int(11) NOT NULL,
  `tbl_id` int(11) NOT NULL,
  PRIMARY KEY (`idx_id`,`tbl_id`),
  KEY `tbl_id` (`tbl_id`),
  CONSTRAINT `aso_idx_tbl_ibfk_1` FOREIGN KEY (`idx_id`) REFERENCES `t_index` (`id`),
  CONSTRAINT `aso_idx_tbl_ibfk_2` FOREIGN KEY (`tbl_id`) REFERENCES `t_table` (`id`)
) ENGINE=InnoDB DEFAULT CHARSET=utf8mb4;
/*!40101 SET character_set_client = @saved_cs_client */;

--
-- Dumping data for table `aso_idx_tbl`
--

LOCK TABLES `aso_idx_tbl` WRITE;
/*!40000 ALTER TABLE `aso_idx_tbl` DISABLE KEYS */;
/*!40000 ALTER TABLE `aso_idx_tbl` ENABLE KEYS */;
UNLOCK TABLES;

--
-- Table structure for table `aso_rgn_usr`
--

DROP TABLE IF EXISTS `aso_rgn_usr`;
/*!40101 SET @saved_cs_client     = @@character_set_client */;
/*!40101 SET character_set_client = utf8 */;
CREATE TABLE `aso_rgn_usr` (
  `rgn_id` int(11) NOT NULL,
  `usr_id` varchar(32) NOT NULL,
  PRIMARY KEY (`rgn_id`,`usr_id`),
  KEY `usr_id` (`usr_id`),
  CONSTRAINT `aso_rgn_usr_ibfk_1` FOREIGN KEY (`rgn_id`) REFERENCES `t_region` (`id`),
  CONSTRAINT `aso_rgn_usr_ibfk_2` FOREIGN KEY (`usr_id`) REFERENCES `t_user` (`id`)
) ENGINE=InnoDB DEFAULT CHARSET=utf8mb4;
/*!40101 SET character_set_client = @saved_cs_client */;

--
-- Dumping data for table `aso_rgn_usr`
--

LOCK TABLES `aso_rgn_usr` WRITE;
/*!40000 ALTER TABLE `aso_rgn_usr` DISABLE KEYS */;
INSERT INTO `aso_rgn_usr` VALUES (1,'2f16978d95c111ea83079105761e083b'),(2,'2f16978d95c111ea83079105761e083b'),(12,'2f16978d95c111ea83079105761e083b'),(13,'2f16978d95c111ea83079105761e083b'),(1,'7c1010f8958d11eaa6949105761e083b'),(2,'7c1010f8958d11eaa6949105761e083b'),(3,'7c1010f8958d11eaa6949105761e083b'),(4,'7c1010f8958d11eaa6949105761e083b'),(5,'7c1010f8958d11eaa6949105761e083b'),(6,'7c1010f8958d11eaa6949105761e083b'),(7,'7c1010f8958d11eaa6949105761e083b'),(8,'7c1010f8958d11eaa6949105761e083b'),(9,'7c1010f8958d11eaa6949105761e083b'),(10,'7c1010f8958d11eaa6949105761e083b'),(11,'7c1010f8958d11eaa6949105761e083b'),(14,'7c1010f8958d11eaa6949105761e083b');
/*!40000 ALTER TABLE `aso_rgn_usr` ENABLE KEYS */;
UNLOCK TABLES;

--
-- Table structure for table `t_bundle`
--

DROP TABLE IF EXISTS `t_bundle`;
/*!40101 SET @saved_cs_client     = @@character_set_client */;
/*!40101 SET character_set_client = utf8 */;
CREATE TABLE `t_bundle` (
  `id` int(11) NOT NULL AUTO_INCREMENT,
  `line` int(11) DEFAULT NULL,
  `pie` int(11) DEFAULT NULL,
  `column` int(11) DEFAULT NULL,
  `radar` int(11) DEFAULT NULL,
  `region_id` int(11) DEFAULT NULL,
  PRIMARY KEY (`id`),
  KEY `region_id` (`region_id`),
  CONSTRAINT `t_bundle_ibfk_1` FOREIGN KEY (`region_id`) REFERENCES `t_region` (`id`)
) ENGINE=InnoDB AUTO_INCREMENT=7 DEFAULT CHARSET=utf8mb4;
/*!40101 SET character_set_client = @saved_cs_client */;

--
-- Dumping data for table `t_bundle`
--

LOCK TABLES `t_bundle` WRITE;
/*!40000 ALTER TABLE `t_bundle` DISABLE KEYS */;
INSERT INTO `t_bundle` VALUES (1,11,19,1,3,3),(2,31,39,21,23,4),(3,51,59,41,43,5),(4,171,179,161,163,11),(5,181,182,183,184,13),(6,196,204,186,188,14);
/*!40000 ALTER TABLE `t_bundle` ENABLE KEYS */;
UNLOCK TABLES;

--
-- Table structure for table `t_data`
--

DROP TABLE IF EXISTS `t_data`;
/*!40101 SET @saved_cs_client     = @@character_set_client */;
/*!40101 SET character_set_client = utf8 */;
CREATE TABLE `t_data` (
  `id` int(11) NOT NULL AUTO_INCREMENT,
  `data` decimal(14,5) DEFAULT NULL,
  `row_index_id` int(11) DEFAULT NULL,
  `col_index_id` int(11) DEFAULT NULL,
  `table_id` int(11) DEFAULT NULL,
  PRIMARY KEY (`id`),
  KEY `row_index_id` (`row_index_id`),
  KEY `col_index_id` (`col_index_id`),
  KEY `table_id` (`table_id`),
  CONSTRAINT `t_data_ibfk_1` FOREIGN KEY (`row_index_id`) REFERENCES `t_index` (`id`),
  CONSTRAINT `t_data_ibfk_2` FOREIGN KEY (`col_index_id`) REFERENCES `t_index` (`id`),
  CONSTRAINT `t_data_ibfk_3` FOREIGN KEY (`table_id`) REFERENCES `t_table` (`id`)
) ENGINE=InnoDB AUTO_INCREMENT=223 DEFAULT CHARSET=utf8mb4;
/*!40101 SET character_set_client = @saved_cs_client */;

--
-- Dumping data for table `t_data`
--

LOCK TABLES `t_data` WRITE;
/*!40000 ALTER TABLE `t_data` DISABLE KEYS */;
INSERT INTO `t_data` VALUES (1,33803.00000,1,2,11),(2,35415.74987,3,2,11),(3,37425.33801,4,2,11),(4,39843.00000,5,2,11),(5,100.00000,6,7,19),(6,104.00000,8,7,19),(7,76.00000,9,7,19),(8,125.00000,10,7,19),(9,177.00000,11,7,19),(10,100.00000,12,7,19),(11,91.90000,13,7,1),(12,7.60000,14,7,1),(13,106.30000,15,7,1),(14,89.10000,13,16,1),(15,7.50000,14,16,1),(16,106.30000,15,16,1),(17,110.20000,13,17,1),(18,8.50000,14,17,1),(19,106.60000,15,17,1),(20,2.70000,18,1,3),(21,1.30000,19,1,3),(22,1.50000,20,1,3),(23,52859.00000,21,1,3),(24,36642.00000,22,1,3),(25,2.60000,18,3,3),(26,1.30000,19,3,3),(27,1.60000,20,3,3),(28,57275.00000,21,3,3),(29,38256.00000,22,3,3),(30,2.60000,18,4,3),(31,1.20000,19,4,3),(32,1.60000,20,4,3),(33,62406.00000,21,4,3),(34,40346.00000,22,4,3),(35,2.80000,18,5,3),(36,1.20000,19,5,3),(37,1.60000,20,5,3),(38,67990.00000,21,5,3),(39,42926.00000,22,5,3),(40,33803.00000,1,2,31),(41,35415.74987,3,2,31),(42,37425.33801,4,2,31),(43,39843.00000,5,2,31),(44,100.00000,6,7,39),(45,104.00000,8,7,39),(46,76.00000,9,7,39),(47,125.00000,10,7,39),(48,177.00000,11,7,39),(49,100.00000,12,7,39),(50,91.90000,13,7,21),(51,7.60000,14,7,21),(52,106.30000,15,7,21),(53,89.10000,13,16,21),(54,7.50000,14,16,21),(55,106.30000,15,16,21),(56,110.20000,13,17,21),(57,8.50000,14,17,21),(58,106.60000,15,17,21),(59,2.70000,18,1,23),(60,1.30000,19,1,23),(61,1.50000,20,1,23),(62,52859.00000,21,1,23),(63,36642.00000,22,1,23),(64,2.60000,18,3,23),(65,1.30000,19,3,23),(66,1.60000,20,3,23),(67,57275.00000,21,3,23),(68,38256.00000,22,3,23),(69,2.60000,18,4,23),(70,1.20000,19,4,23),(71,1.60000,20,4,23),(72,62406.00000,21,4,23),(73,40346.00000,22,4,23),(74,2.80000,18,5,23),(75,1.20000,19,5,23),(76,1.60000,20,5,23),(77,67990.00000,21,5,23),(78,42926.00000,22,5,23),(79,33803.00000,1,2,51),(80,35415.74987,3,2,51),(81,37425.33801,4,2,51),(82,39843.00000,5,2,51),(83,100.00000,6,7,59),(84,104.00000,8,7,59),(85,76.00000,9,7,59),(86,125.00000,10,7,59),(87,177.00000,11,7,59),(88,100.00000,12,7,59),(89,91.90000,13,7,41),(90,7.60000,14,7,41),(91,106.30000,15,7,41),(92,89.10000,13,16,41),(93,7.50000,14,16,41),(94,106.30000,15,16,41),(95,110.20000,13,17,41),(96,8.50000,14,17,41),(97,106.60000,15,17,41),(98,2.70000,18,1,43),(99,1.30000,19,1,43),(100,1.50000,20,1,43),(101,52859.00000,21,1,43),(102,36642.00000,22,1,43),(103,2.60000,18,3,43),(104,1.30000,19,3,43),(105,1.60000,20,3,43),(106,57275.00000,21,3,43),(107,38256.00000,22,3,43),(108,2.60000,18,4,43),(109,1.20000,19,4,43),(110,1.60000,20,4,43),(111,62406.00000,21,4,43),(112,40346.00000,22,4,43),(113,2.80000,18,5,43),(114,1.20000,19,5,43),(115,1.60000,20,5,43),(116,67990.00000,21,5,43),(117,42926.00000,22,5,43),(118,33803.00000,1,2,171),(119,35415.74987,3,2,171),(120,37425.33801,4,2,171),(121,39843.00000,5,2,171),(122,100.00000,6,7,179),(123,104.00000,8,7,179),(124,76.00000,9,7,179),(125,125.00000,10,7,179),(126,177.00000,11,7,179),(127,100.00000,12,7,179),(128,91.90000,13,7,161),(129,7.60000,14,7,161),(130,106.30000,15,7,161),(131,89.10000,13,16,161),(132,7.50000,14,16,161),(133,106.30000,15,16,161),(134,110.20000,13,17,161),(135,8.50000,14,17,161),(136,106.60000,15,17,161),(137,2.70000,18,1,163),(138,1.30000,19,1,163),(139,1.50000,20,1,163),(140,52859.00000,21,1,163),(141,36642.00000,22,1,163),(142,2.60000,18,3,163),(143,1.30000,19,3,163),(144,1.60000,20,3,163),(145,57275.00000,21,3,163),(146,38256.00000,22,3,163),(147,2.60000,18,4,163),(148,1.20000,19,4,163),(149,1.60000,20,4,163),(150,62406.00000,21,4,163),(151,40346.00000,22,4,163),(152,2.80000,18,5,163),(153,1.20000,19,5,163),(154,1.60000,20,5,163),(155,67990.00000,21,5,163),(156,42926.00000,22,5,163),(157,63858.62000,1,23,181),(158,67925.62000,3,23,181),(159,72634.15000,4,23,181),(160,76469.67130,5,23,181),(161,137.50000,24,23,182),(162,113.50000,25,23,182),(163,101.60000,24,26,182),(164,69.70000,25,26,182),(165,262.00000,24,27,182),(166,214.80000,25,27,182),(167,100.00000,28,23,183),(168,100.00000,29,23,183),(169,100.00000,24,23,183),(170,67.40000,28,26,183),(171,61.50000,29,26,183),(172,52.00000,24,26,183),(173,16.60000,28,27,183),(174,19.70000,29,27,183),(175,28.70000,24,27,183),(176,98977.00000,30,31,184),(177,70406.00000,32,31,184),(178,305563.00000,30,33,184),(179,216172.00000,32,33,184),(180,372440.00000,30,34,184),(181,267509.00000,32,34,184),(182,400365.00000,30,35,184),(183,191947.00000,32,35,184),(184,33803.00000,1,2,196),(185,35415.74987,3,2,196),(186,37425.33801,4,2,196),(187,39843.00000,5,2,196),(188,100.00000,6,7,204),(189,104.00000,8,7,204),(190,76.00000,9,7,204),(191,125.00000,10,7,204),(192,177.00000,11,7,204),(193,100.00000,12,7,204),(194,91.90000,13,7,186),(195,7.60000,14,7,186),(196,106.30000,15,7,186),(197,89.10000,13,16,186),(198,7.50000,14,16,186),(199,106.30000,15,16,186),(200,110.20000,13,17,186),(201,8.50000,14,17,186),(202,106.60000,15,17,186),(203,2.70000,18,1,188),(204,1.30000,19,1,188),(205,1.50000,20,1,188),(206,52859.00000,21,1,188),(207,36642.00000,22,1,188),(208,2.60000,18,3,188),(209,1.30000,19,3,188),(210,1.60000,20,3,188),(211,57275.00000,21,3,188),(212,38256.00000,22,3,188),(213,2.60000,18,4,188),(214,1.20000,19,4,188),(215,1.60000,20,4,188),(216,62406.00000,21,4,188),(217,40346.00000,22,4,188),(218,2.80000,18,5,188),(219,1.20000,19,5,188),(220,1.60000,20,5,188),(221,67990.00000,21,5,188),(222,42926.00000,22,5,188);
/*!40000 ALTER TABLE `t_data` ENABLE KEYS */;
UNLOCK TABLES;

--
-- Table structure for table `t_index`
--

DROP TABLE IF EXISTS `t_index`;
/*!40101 SET @saved_cs_client     = @@character_set_client */;
/*!40101 SET character_set_client = utf8 */;
CREATE TABLE `t_index` (
  `id` int(11) NOT NULL AUTO_INCREMENT,
  `name` varchar(64) DEFAULT NULL,
  PRIMARY KEY (`id`),
  UNIQUE KEY `name` (`name`)
) ENGINE=InnoDB AUTO_INCREMENT=36 DEFAULT CHARSET=utf8mb4;
/*!40101 SET character_set_client = @saved_cs_client */;

--
-- Dumping data for table `t_index`
--

LOCK TABLES `t_index` WRITE;
/*!40000 ALTER TABLE `t_index` DISABLE KEYS */;
INSERT INTO `t_index` VALUES (28,'1952'),(29,'1955'),(24,'1957'),(25,'1962'),(31,'2005'),(33,'2010'),(34,'2011'),(35,'2012'),(1,'2015'),(3,'2016'),(4,'2017'),(5,'2018'),(2,'人均消费消费支出(元)人均消费支出(元)'),(7,'全市居民'),(17,'农村居民'),(23,'地区生产总值地区生产总值地区生产总值'),(26,'地区生产总值地区生产总值第一产业'),(27,'地区生产总值地区生产总值第二产业'),(16,'城镇居民'),(20,'平均每一就业者负担人数'),(21,'平均每人年可支配收入'),(22,'平均每人年消费支出'),(19,'平均每户就业人口数'),(18,'平均每户常住人口'),(10,'彩色电视机'),(9,'微波炉'),(6,'洗衣机'),(32,'济宁市'),(30,'潍坊市'),(12,'热水器'),(8,'电冰箱(柜)'),(11,'空调'),(13,'粮食'),(15,'蔬菜及菜制品'),(14,'豆类');
/*!40000 ALTER TABLE `t_index` ENABLE KEYS */;
UNLOCK TABLES;

--
-- Table structure for table `t_msg`
--

DROP TABLE IF EXISTS `t_msg`;
/*!40101 SET @saved_cs_client     = @@character_set_client */;
/*!40101 SET character_set_client = utf8 */;
CREATE TABLE `t_msg` (
  `id` int(11) NOT NULL AUTO_INCREMENT,
  `region_id` int(11) DEFAULT NULL,
  `user_id` varchar(32) DEFAULT NULL,
  `msg` varchar(200) DEFAULT NULL,
  `state` int(11) DEFAULT NULL,
  `create_at` datetime DEFAULT NULL,
  PRIMARY KEY (`id`)
) ENGINE=InnoDB AUTO_INCREMENT=3 DEFAULT CHARSET=utf8mb4;
/*!40101 SET character_set_client = @saved_cs_client */;

--
-- Dumping data for table `t_msg`
--

LOCK TABLES `t_msg` WRITE;
/*!40000 ALTER TABLE `t_msg` DISABLE KEYS */;
INSERT INTO `t_msg` VALUES (1,2,'7c1010f8958d11eaa6949105761e083b','想查看山东省的大图展示',1,'2020-05-14 06:47:35'),(2,1,'2f16978d95c111ea83079105761e083b','查看北京市的大图展示情况',1,'2020-05-14 09:42:02');
/*!40000 ALTER TABLE `t_msg` ENABLE KEYS */;
UNLOCK TABLES;

--
-- Table structure for table `t_region`
--

DROP TABLE IF EXISTS `t_region`;
/*!40101 SET @saved_cs_client     = @@character_set_client */;
/*!40101 SET character_set_client = utf8 */;
CREATE TABLE `t_region` (
  `id` int(11) NOT NULL AUTO_INCREMENT,
  `name` varchar(6) DEFAULT NULL,
  `create_at` datetime DEFAULT NULL,
  PRIMARY KEY (`id`)
) ENGINE=InnoDB AUTO_INCREMENT=15 DEFAULT CHARSET=utf8mb4;
/*!40101 SET character_set_client = @saved_cs_client */;

--
-- Dumping data for table `t_region`
--

LOCK TABLES `t_region` WRITE;
/*!40000 ALTER TABLE `t_region` DISABLE KEYS */;
INSERT INTO `t_region` VALUES (1,'北京','2020-05-14 02:45:59'),(2,'山东','2020-05-14 02:46:13'),(3,'北京','2020-05-14 02:54:48'),(4,'北京','2020-05-14 06:22:03'),(5,'北京','2020-05-14 06:24:50'),(6,'北京','2020-05-14 08:22:46'),(7,'北京','2020-05-14 08:23:30'),(8,'北京','2020-05-14 08:24:56'),(9,'北京','2020-05-14 08:26:23'),(10,'北京','2020-05-14 08:27:08'),(11,'北京','2020-05-14 08:27:27'),(12,'山东','2020-05-14 09:00:59'),(13,'山东','2020-05-14 09:02:14'),(14,'北京','2020-05-14 09:38:22');
/*!40000 ALTER TABLE `t_region` ENABLE KEYS */;
UNLOCK TABLES;

--
-- Table structure for table `t_table`
--

DROP TABLE IF EXISTS `t_table`;
/*!40101 SET @saved_cs_client     = @@character_set_client */;
/*!40101 SET character_set_client = utf8 */;
CREATE TABLE `t_table` (
  `id` int(11) NOT NULL AUTO_INCREMENT,
  `name` text,
  `region_id` int(11) DEFAULT NULL,
  PRIMARY KEY (`id`),
  KEY `region_id` (`region_id`),
  CONSTRAINT `t_table_ibfk_1` FOREIGN KEY (`region_id`) REFERENCES `t_region` (`id`)
) ENGINE=InnoDB AUTO_INCREMENT=206 DEFAULT CHARSET=utf8mb4;
/*!40101 SET character_set_client = @saved_cs_client */;

--
-- Dumping data for table `t_table`
--

LOCK TABLES `t_table` WRITE;
/*!40000 ALTER TABLE `t_table` DISABLE KEYS */;
INSERT INTO `t_table` VALUES (1,'5-9  全市居民家庭主要食品人均消费量(2018年)',3),(2,'5-10  城镇居民家庭生活基本情况(1978-2018年)',3),(3,'5-11  城镇居民家庭基本情况(2015-2018年)',3),(4,'5-12  城镇居民家庭人均可支配收入(2015-2018年)',3),(5,'5-13  城镇居民家庭人均消费支出(2015-2018年)',3),(6,'5-14  城镇居民家庭每百户主要耐用消费品拥有量(1978-2018年)',3),(7,'5-15  农村居民家庭生活基本情况(1978-2018年)',3),(8,'5-16  农村居民家庭基本情况(2015-2018年)',3),(9,'5-17  农村居民家庭人均可支配收入(2015-2018年)',3),(10,'5-18  农村居民家庭人均消费支出(2015-2018年)',3),(11,'5-1  全市居民家庭生活基本情况(1978-2018年)',3),(12,'5-19  农村居民家庭每百户主要耐用消费品拥有量(1985-2018年)',3),(13,'5-20  农村居民家庭人均粮食收支情况(2015-2018年)',3),(14,'5-2  全市居民家庭生活基本情况(2015-2018年)',3),(15,'5-3  全市居民家庭基本情况(2015-2018年)',3),(16,'5-4  全市居民家庭人均可支配收入(2015-2018年)',3),(17,'5-5 全市居民人均可支配收入(按收入水平分)(2015-2018年)',3),(18,'5-6  全市居民家庭人均消费支出(2015-2018年)',3),(19,'5-7  全市居民家庭每百户主要耐用消费品拥有量(2018年)',3),(20,'5-8  全市居民家庭居住构成情况(2018年)',3),(21,'5-9  全市居民家庭主要食品人均消费量(2018年)',4),(22,'5-10  城镇居民家庭生活基本情况(1978-2018年)',4),(23,'5-11  城镇居民家庭基本情况(2015-2018年)',4),(24,'5-12  城镇居民家庭人均可支配收入(2015-2018年)',4),(25,'5-13  城镇居民家庭人均消费支出(2015-2018年)',4),(26,'5-14  城镇居民家庭每百户主要耐用消费品拥有量(1978-2018年)',4),(27,'5-15  农村居民家庭生活基本情况(1978-2018年)',4),(28,'5-16  农村居民家庭基本情况(2015-2018年)',4),(29,'5-17  农村居民家庭人均可支配收入(2015-2018年)',4),(30,'5-18  农村居民家庭人均消费支出(2015-2018年)',4),(31,'5-1  全市居民家庭生活基本情况(1978-2018年)',4),(32,'5-19  农村居民家庭每百户主要耐用消费品拥有量(1985-2018年)',4),(33,'5-20  农村居民家庭人均粮食收支情况(2015-2018年)',4),(34,'5-2  全市居民家庭生活基本情况(2015-2018年)',4),(35,'5-3  全市居民家庭基本情况(2015-2018年)',4),(36,'5-4  全市居民家庭人均可支配收入(2015-2018年)',4),(37,'5-5 全市居民人均可支配收入(按收入水平分)(2015-2018年)',4),(38,'5-6  全市居民家庭人均消费支出(2015-2018年)',4),(39,'5-7  全市居民家庭每百户主要耐用消费品拥有量(2018年)',4),(40,'5-8  全市居民家庭居住构成情况(2018年)',4),(41,'5-9  全市居民家庭主要食品人均消费量(2018年)',5),(42,'5-10  城镇居民家庭生活基本情况(1978-2018年)',5),(43,'5-11  城镇居民家庭基本情况(2015-2018年)',5),(44,'5-12  城镇居民家庭人均可支配收入(2015-2018年)',5),(45,'5-13  城镇居民家庭人均消费支出(2015-2018年)',5),(46,'5-14  城镇居民家庭每百户主要耐用消费品拥有量(1978-2018年)',5),(47,'5-15  农村居民家庭生活基本情况(1978-2018年)',5),(48,'5-16  农村居民家庭基本情况(2015-2018年)',5),(49,'5-17  农村居民家庭人均可支配收入(2015-2018年)',5),(50,'5-18  农村居民家庭人均消费支出(2015-2018年)',5),(51,'5-1  全市居民家庭生活基本情况(1978-2018年)',5),(52,'5-19  农村居民家庭每百户主要耐用消费品拥有量(1985-2018年)',5),(53,'5-20  农村居民家庭人均粮食收支情况(2015-2018年)',5),(54,'5-2  全市居民家庭生活基本情况(2015-2018年)',5),(55,'5-3  全市居民家庭基本情况(2015-2018年)',5),(56,'5-4  全市居民家庭人均可支配收入(2015-2018年)',5),(57,'5-5 全市居民人均可支配收入(按收入水平分)(2015-2018年)',5),(58,'5-6  全市居民家庭人均消费支出(2015-2018年)',5),(59,'5-7  全市居民家庭每百户主要耐用消费品拥有量(2018年)',5),(60,'5-8  全市居民家庭居住构成情况(2018年)',5),(61,'5-9  全市居民家庭主要食品人均消费量(2018年)',6),(62,'5-10  城镇居民家庭生活基本情况(1978-2018年)',6),(63,'5-11  城镇居民家庭基本情况(2015-2018年)',6),(64,'5-12  城镇居民家庭人均可支配收入(2015-2018年)',6),(65,'5-13  城镇居民家庭人均消费支出(2015-2018年)',6),(66,'5-14  城镇居民家庭每百户主要耐用消费品拥有量(1978-2018年)',6),(67,'5-15  农村居民家庭生活基本情况(1978-2018年)',6),(68,'5-16  农村居民家庭基本情况(2015-2018年)',6),(69,'5-17  农村居民家庭人均可支配收入(2015-2018年)',6),(70,'5-18  农村居民家庭人均消费支出(2015-2018年)',6),(71,'5-1  全市居民家庭生活基本情况(1978-2018年)',6),(72,'5-19  农村居民家庭每百户主要耐用消费品拥有量(1985-2018年)',6),(73,'5-20  农村居民家庭人均粮食收支情况(2015-2018年)',6),(74,'5-2  全市居民家庭生活基本情况(2015-2018年)',6),(75,'5-3  全市居民家庭基本情况(2015-2018年)',6),(76,'5-4  全市居民家庭人均可支配收入(2015-2018年)',6),(77,'5-5 全市居民人均可支配收入(按收入水平分)(2015-2018年)',6),(78,'5-6  全市居民家庭人均消费支出(2015-2018年)',6),(79,'5-7  全市居民家庭每百户主要耐用消费品拥有量(2018年)',6),(80,'5-8  全市居民家庭居住构成情况(2018年)',6),(81,'5-9  全市居民家庭主要食品人均消费量(2018年)',7),(82,'5-10  城镇居民家庭生活基本情况(1978-2018年)',7),(83,'5-11  城镇居民家庭基本情况(2015-2018年)',7),(84,'5-12  城镇居民家庭人均可支配收入(2015-2018年)',7),(85,'5-13  城镇居民家庭人均消费支出(2015-2018年)',7),(86,'5-14  城镇居民家庭每百户主要耐用消费品拥有量(1978-2018年)',7),(87,'5-15  农村居民家庭生活基本情况(1978-2018年)',7),(88,'5-16  农村居民家庭基本情况(2015-2018年)',7),(89,'5-17  农村居民家庭人均可支配收入(2015-2018年)',7),(90,'5-18  农村居民家庭人均消费支出(2015-2018年)',7),(91,'5-1  全市居民家庭生活基本情况(1978-2018年)',7),(92,'5-19  农村居民家庭每百户主要耐用消费品拥有量(1985-2018年)',7),(93,'5-20  农村居民家庭人均粮食收支情况(2015-2018年)',7),(94,'5-2  全市居民家庭生活基本情况(2015-2018年)',7),(95,'5-3  全市居民家庭基本情况(2015-2018年)',7),(96,'5-4  全市居民家庭人均可支配收入(2015-2018年)',7),(97,'5-5 全市居民人均可支配收入(按收入水平分)(2015-2018年)',7),(98,'5-6  全市居民家庭人均消费支出(2015-2018年)',7),(99,'5-7  全市居民家庭每百户主要耐用消费品拥有量(2018年)',7),(100,'5-8  全市居民家庭居住构成情况(2018年)',7),(101,'5-9  全市居民家庭主要食品人均消费量(2018年)',8),(102,'5-10  城镇居民家庭生活基本情况(1978-2018年)',8),(103,'5-11  城镇居民家庭基本情况(2015-2018年)',8),(104,'5-12  城镇居民家庭人均可支配收入(2015-2018年)',8),(105,'5-13  城镇居民家庭人均消费支出(2015-2018年)',8),(106,'5-14  城镇居民家庭每百户主要耐用消费品拥有量(1978-2018年)',8),(107,'5-15  农村居民家庭生活基本情况(1978-2018年)',8),(108,'5-16  农村居民家庭基本情况(2015-2018年)',8),(109,'5-17  农村居民家庭人均可支配收入(2015-2018年)',8),(110,'5-18  农村居民家庭人均消费支出(2015-2018年)',8),(111,'5-1  全市居民家庭生活基本情况(1978-2018年)',8),(112,'5-19  农村居民家庭每百户主要耐用消费品拥有量(1985-2018年)',8),(113,'5-20  农村居民家庭人均粮食收支情况(2015-2018年)',8),(114,'5-2  全市居民家庭生活基本情况(2015-2018年)',8),(115,'5-3  全市居民家庭基本情况(2015-2018年)',8),(116,'5-4  全市居民家庭人均可支配收入(2015-2018年)',8),(117,'5-5 全市居民人均可支配收入(按收入水平分)(2015-2018年)',8),(118,'5-6  全市居民家庭人均消费支出(2015-2018年)',8),(119,'5-7  全市居民家庭每百户主要耐用消费品拥有量(2018年)',8),(120,'5-8  全市居民家庭居住构成情况(2018年)',8),(121,'5-9  全市居民家庭主要食品人均消费量(2018年)',9),(122,'5-10  城镇居民家庭生活基本情况(1978-2018年)',9),(123,'5-11  城镇居民家庭基本情况(2015-2018年)',9),(124,'5-12  城镇居民家庭人均可支配收入(2015-2018年)',9),(125,'5-13  城镇居民家庭人均消费支出(2015-2018年)',9),(126,'5-14  城镇居民家庭每百户主要耐用消费品拥有量(1978-2018年)',9),(127,'5-15  农村居民家庭生活基本情况(1978-2018年)',9),(128,'5-16  农村居民家庭基本情况(2015-2018年)',9),(129,'5-17  农村居民家庭人均可支配收入(2015-2018年)',9),(130,'5-18  农村居民家庭人均消费支出(2015-2018年)',9),(131,'5-1  全市居民家庭生活基本情况(1978-2018年)',9),(132,'5-19  农村居民家庭每百户主要耐用消费品拥有量(1985-2018年)',9),(133,'5-20  农村居民家庭人均粮食收支情况(2015-2018年)',9),(134,'5-2  全市居民家庭生活基本情况(2015-2018年)',9),(135,'5-3  全市居民家庭基本情况(2015-2018年)',9),(136,'5-4  全市居民家庭人均可支配收入(2015-2018年)',9),(137,'5-5 全市居民人均可支配收入(按收入水平分)(2015-2018年)',9),(138,'5-6  全市居民家庭人均消费支出(2015-2018年)',9),(139,'5-7  全市居民家庭每百户主要耐用消费品拥有量(2018年)',9),(140,'5-8  全市居民家庭居住构成情况(2018年)',9),(141,'5-9  全市居民家庭主要食品人均消费量(2018年)',10),(142,'5-10  城镇居民家庭生活基本情况(1978-2018年)',10),(143,'5-11  城镇居民家庭基本情况(2015-2018年)',10),(144,'5-12  城镇居民家庭人均可支配收入(2015-2018年)',10),(145,'5-13  城镇居民家庭人均消费支出(2015-2018年)',10),(146,'5-14  城镇居民家庭每百户主要耐用消费品拥有量(1978-2018年)',10),(147,'5-15  农村居民家庭生活基本情况(1978-2018年)',10),(148,'5-16  农村居民家庭基本情况(2015-2018年)',10),(149,'5-17  农村居民家庭人均可支配收入(2015-2018年)',10),(150,'5-18  农村居民家庭人均消费支出(2015-2018年)',10),(151,'5-1  全市居民家庭生活基本情况(1978-2018年)',10),(152,'5-19  农村居民家庭每百户主要耐用消费品拥有量(1985-2018年)',10),(153,'5-20  农村居民家庭人均粮食收支情况(2015-2018年)',10),(154,'5-2  全市居民家庭生活基本情况(2015-2018年)',10),(155,'5-3  全市居民家庭基本情况(2015-2018年)',10),(156,'5-4  全市居民家庭人均可支配收入(2015-2018年)',10),(157,'5-5 全市居民人均可支配收入(按收入水平分)(2015-2018年)',10),(158,'5-6  全市居民家庭人均消费支出(2015-2018年)',10),(159,'5-7  全市居民家庭每百户主要耐用消费品拥有量(2018年)',10),(160,'5-8  全市居民家庭居住构成情况(2018年)',10),(161,'5-9  全市居民家庭主要食品人均消费量(2018年)',11),(162,'5-10  城镇居民家庭生活基本情况(1978-2018年)',11),(163,'5-11  城镇居民家庭基本情况(2015-2018年)',11),(164,'5-12  城镇居民家庭人均可支配收入(2015-2018年)',11),(165,'5-13  城镇居民家庭人均消费支出(2015-2018年)',11),(166,'5-14  城镇居民家庭每百户主要耐用消费品拥有量(1978-2018年)',11),(167,'5-15  农村居民家庭生活基本情况(1978-2018年)',11),(168,'5-16  农村居民家庭基本情况(2015-2018年)',11),(169,'5-17  农村居民家庭人均可支配收入(2015-2018年)',11),(170,'5-18  农村居民家庭人均消费支出(2015-2018年)',11),(171,'5-1  全市居民家庭生活基本情况(1978-2018年)',11),(172,'5-19  农村居民家庭每百户主要耐用消费品拥有量(1985-2018年)',11),(173,'5-20  农村居民家庭人均粮食收支情况(2015-2018年)',11),(174,'5-2  全市居民家庭生活基本情况(2015-2018年)',11),(175,'5-3  全市居民家庭基本情况(2015-2018年)',11),(176,'5-4  全市居民家庭人均可支配收入(2015-2018年)',11),(177,'5-5 全市居民人均可支配收入(按收入水平分)(2015-2018年)',11),(178,'5-6  全市居民家庭人均消费支出(2015-2018年)',11),(179,'5-7  全市居民家庭每百户主要耐用消费品拥有量(2018年)',11),(180,'5-8  全市居民家庭居住构成情况(2018年)',11),(181,'2-1  主要年份地区生产总值',13),(182,'2-2  主要年份地区生产总值指数',13),(183,'2-3  主要年份地区生产总值构成',13),(184,'6-6  各市进口总值',13),(185,'9-18  各市住宅销售价格指数(2018年)',13),(186,'5-9  全市居民家庭主要食品人均消费量(2018年)',14),(187,'5-10  城镇居民家庭生活基本情况(1978-2018年)',14),(188,'5-11  城镇居民家庭基本情况(2015-2018年)',14),(189,'5-12  城镇居民家庭人均可支配收入(2015-2018年)',14),(190,'5-13  城镇居民家庭人均消费支出(2015-2018年)',14),(191,'5-14  城镇居民家庭每百户主要耐用消费品拥有量(1978-2018年)',14),(192,'5-15  农村居民家庭生活基本情况(1978-2018年)',14),(193,'5-16  农村居民家庭基本情况(2015-2018年)',14),(194,'5-17  农村居民家庭人均可支配收入(2015-2018年)',14),(195,'5-18  农村居民家庭人均消费支出(2015-2018年)',14),(196,'5-1  全市居民家庭生活基本情况(1978-2018年)',14),(197,'5-19  农村居民家庭每百户主要耐用消费品拥有量(1985-2018年)',14),(198,'5-20  农村居民家庭人均粮食收支情况(2015-2018年)',14),(199,'5-2  全市居民家庭生活基本情况(2015-2018年)',14),(200,'5-3  全市居民家庭基本情况(2015-2018年)',14),(201,'5-4  全市居民家庭人均可支配收入(2015-2018年)',14),(202,'5-5 全市居民人均可支配收入(按收入水平分)(2015-2018年)',14),(203,'5-6  全市居民家庭人均消费支出(2015-2018年)',14),(204,'5-7  全市居民家庭每百户主要耐用消费品拥有量(2018年)',14),(205,'5-8  全市居民家庭居住构成情况(2018年)',14);
/*!40000 ALTER TABLE `t_table` ENABLE KEYS */;
UNLOCK TABLES;

--
-- Table structure for table `t_user`
--

DROP TABLE IF EXISTS `t_user`;
/*!40101 SET @saved_cs_client     = @@character_set_client */;
/*!40101 SET character_set_client = utf8 */;
CREATE TABLE `t_user` (
  `id` varchar(32) NOT NULL,
  `username` varchar(11) DEFAULT NULL,
  `password` varchar(60) DEFAULT NULL,
  `level` int(11) DEFAULT NULL,
  PRIMARY KEY (`id`),
  UNIQUE KEY `username` (`username`)
) ENGINE=InnoDB DEFAULT CHARSET=utf8mb4;
/*!40101 SET character_set_client = @saved_cs_client */;

--
-- Dumping data for table `t_user`
--

LOCK TABLES `t_user` WRITE;
/*!40000 ALTER TABLE `t_user` DISABLE KEYS */;
INSERT INTO `t_user` VALUES ('2f16978d95c111ea83079105761e083b','shandong','$2b$12$8R1EZOywbS6vCSX1z4s6wuFgjuaMatNE7kwlBZGIWOYmEJy4miwI.',0),('7c1010f8958d11eaa6949105761e083b','beijing','$2b$12$T37rbi5ZhtdrzD7b5WsIAOv7lgmKiwB5wCN9WdZWKeYP4gIEyAbGK',0),('9d93d80f958b11eabf309105761e083b','Admin','$2b$12$iXjxM4fRb.2Z4f/7UsJZO.xX21a6GXwU4YSutoZUdwnkdGyIdLLGG',1);
/*!40000 ALTER TABLE `t_user` ENABLE KEYS */;
UNLOCK TABLES;
/*!40103 SET TIME_ZONE=@OLD_TIME_ZONE */;

/*!40101 SET SQL_MODE=@OLD_SQL_MODE */;
/*!40014 SET FOREIGN_KEY_CHECKS=@OLD_FOREIGN_KEY_CHECKS */;
/*!40014 SET UNIQUE_CHECKS=@OLD_UNIQUE_CHECKS */;
/*!40101 SET CHARACTER_SET_CLIENT=@OLD_CHARACTER_SET_CLIENT */;
/*!40101 SET CHARACTER_SET_RESULTS=@OLD_CHARACTER_SET_RESULTS */;
/*!40101 SET COLLATION_CONNECTION=@OLD_COLLATION_CONNECTION */;
/*!40111 SET SQL_NOTES=@OLD_SQL_NOTES */;

-- Dump completed on 2020-05-29 22:50:58
